NO,ID LM,IP,SN,Lokasi,Kemantren,Kelurahan,RT,RW,Tikor,Paket,Link,,,
1,JP001855,10.239.0.125,QXTLC7319D1B,Balai Manunggal Karso Gajah Wong,Gondokusuman,Baciro,85,20,"-7.789536, 110.394946",APBD,Optic,,,JUMLAH
2,XM000362,10.239.0.138,ZTEGC1CBFD74,Masjid Pasarean Sonyoragi Baciro,Gondokusuman,Baciro,42,11,"-7.792968, 110.385587",APBD,Optic,,Lokasi pengganti dari CSR ke APBD,
3,LM000855,10.239.0.124,ELWGC366A8C7,Balai RW 20,Gondokusuman,Baciro,,20,"-7.790224, 110.394924",APBD,Optic,,Masuk ACS,108
4,XM000404,10.239.0.57,ZTEGC95B601A,masjid fisabillilah rw 4 bener,Tegalrejo,Bener,13,4,"-7.775898, 110.356567 ",APBD,Optic,,Tidak Bisa Masuk Monitoring ACS,
5,XM000358,10.239.0.82,QXTLCBB0BD15,Balai Anjangsih,Jetis,Cokrodiningratan,27,6,"-7.776555, 110.368882",APBD,Optic,,Wireless,50
6,LM000865,10.239.0.141,ZTEGC675330C,Balai RW 12 Demangan,Gondokusuman,Demangan,43,12,"-7.786492, 110.385749 ",APBD,Optic,,,
7,LM001513,10.239.1.115,ZTEGCC96CC86,Masjid Danunegaran,Mantrijeron,Mantrijeron,,19,"-7.816548, 110.368213",CSR,Optic,,,
8,LM000867,10.239.0.144,ZTEGC1C9A1B3,Balai RW 3 gowongan,Jetis,Gowongan,14,3,"-7.784687, 110.365704",APBD,Optic,,,
9,XM000328,10.239.0.13,ZTEGC865BA61,Balai Giri Arum,Pakualaman,Gunungketur,17,4,"-7.800327, 110.378156",APBD,Optic,,,
10,XM000364,10.239.0.27,ZTEGC950D113,Balai RW 7 margoyasan gunungketur,Pakualaman,Gunungketur,28,7,"-7.802762, 110.377764",APBD,Optic,,,
11,LM000868,10.239.0.100,ZTEGC673EDB4,BALAI RW.05 KADIPATEN,Kraton,Kadipaten,18,5,"-7.8046802, 110.3569150",APBD,Optic,,,
12,XM000360,10.239.0.52,QXTLCA830624,Gedung balai rw 13,Kraton,Kadipaten,44,13,"-7.806121, 110.361120",APBD,Optic,,,
13,XM000356,10.239.0.81,ZTEGC88ADAB6,Balai RW 09 Iromejan,Gondokusuman,Klitren,,9,"-7.780794, 110.383303",APBD,Optic,,,
14,XM000326,10.239.0.32,ZTEGC877B97C,Balai serbaguna kricak kudul,Tegalrejo,Kricak,40,9,-7.7771191 110.3586256,APBD,Optic,,,
15,XM000335,10.239.0.61,QXTLCB0F93AF,Kantor RW 02 Ngadinegaran,Mantrijeron,Mantrijeron,,2,"-7.814542, 110.363923",APBD,Optic,,,
16,LM000875,10.239.0.102,ZTEGC09C58FC,Masjid Ar - Rahmat,Ngampilan,Ngampilan,5,1,"-7.797634, 110.355660",APBD,Optic,,,
17,LM000857,10.239.0.22,ZTEGC950A5D7,Balai RW 11 Kauman Ngupasan,Gondomanan,Ngupasan,85,11,"-7.802287, 110.363352",APBD,Optic,,,
18,LM000876,10.239.0.28,ZTEGC09CB36D,Depan Rumah Bapak Syaifudin,Gedongtengen,Ngupasan,38,11,"-7.801988, 110.362913",APBD,Optic,,,
19,LM000851,10.239.0.34,ZTEGC86B0B0F,Balai RW 05,Ngampilan,Notoprajan,32,5,"-7.801817, 110.357382",APBD,Optic,,,
20,XM000349,10.239.0.48,ZTEGC84D88C5,Balai RW 5,Wirobrajan,Pakuncen,23,5,"-7.798173, 110.349377",APBD,Optic,,,
21,XM000348,10.239.0.20,ZTEGC8626DBE,Balai RW 13,Umbulharjo,Pandeyan,,13,"-7.8210639, 110.3934889",APBD,Optic,,,
22,XM000394,192.168.251.29,B8710C90975E,Balai RW 10 pandeyan,Umbulharjo,Pandeyan,41,10,"-7.823014, 110.391597",APBD,Wireless,,,
23,LM000854,10.239.0.123,ZTEGC95521A1,Pos Ronda RW 7 RT 38,Wirobrajan,Patangpuluhan,38,7,"-7.810102, 110.350353",APBD,Optic,,,
24,LM000878,10.239.0.130,ZTEGC0D40BC4,Balai Serbaguna RW 2 Patehan,Kraton,Patehan,7,2,"-7.809098,110.363410",APBD,Optic,,,
25,XM000332,10.239.1.216,ZTEGC889AE65,Balai Pertemuan Warga Sayidan,Gondomanan,Prawirodirjan,,5,"-7.8025639, 110.3709583",APBD,Optic,,,
26,LM000879,10.239.0.29,ZTEGC84A15B4,Pos Ronda balai pasar sawo prawirodirjan,Gondomanan,Prawirodirjan,28,10,"-7.805961, 110.370222",APBD,Optic,,,
27,JP001610,10.239.0.145,ZTEGCBD95FD2,Balai rw 05 Prenggan,Kotagede,Prenggan,,5,"-7.823611, 110.396822",APBD,Optic,,,
28,JP001608,10.239.0.63,ZTEGC895248D,Balai RW 3,Kotagede,Prenggan,15,3,"-7.821667, 110.396111",APBD,Optic,,,
29,JP001609,10.239.0.75,ZTEGC09C630C,Balai RW 09,Kotagede,Prenggan,44,9,"-7.826667, 110.400000",APBD,Optic,,,
30,LM000881,10.239.0.132,ZTEGC8A26F1B,Masjid Aisyiyah Notoyudan,Gedongtengen,Pringgokusuman,,22,"-7.794555, 110.356363",APBD,Optic,,,
31,XM000329,10.239.0.59,ELWGC9C82E16,Depan rumah pak RW ,Gedongtengen,Pringgokusuman,,17,"-7.796054, 110.360240",APBD,Optic,,,
32,JP002041,10.239.0.62,ZTEGCC506946,Balai RW. 07 tim pasko,Kotagede,Purbayan,30,7,"-7.828117, 110.401511",APBD,Optic,,,
33,XM000399,10.239.0.146,QXTLCB7C176B,Masjid Al Ishlah,Kotagede,Rejowinangun,37,12,"-7.815730, 110.399381",APBD,Optic,,,
34,XM000366,10.239.0.147,ZTEGC837A82F,Balai Gong semaki,Umbulharjo,Semaki,,7,-7.80052 110.385397,APBD,Optic,,,
35,XM000353,10.239.0.18,ZTEGC7FF4F18,Balai RW 05,Umbulharjo,Sorosutan,1,5,"-7.820250, 110.378556",APBD,Optic,,,
36,LM000883,10.239.0.133,ZTEGC0CDDCAF,Balai RW 06 Sosrodipuran,Gedongtengen,Sosromenduran,25,6,"-7.793317, 110.362265",APBD,Optic,,,
37,XM000322,10.239.0.11,ZTEGC86816ED,Balai atau Gedung Serbaguna Cokrodirjan,Danurejan,Suryatmajan,44,14,"-7.795683, 110.370075",APBD,Optic,,,
38,LM000884,10.239.0.36,ZTEGC95037E1,Lorong Sayur (Gedung Serbaguna),Danurejan,Suryatmajan,,12,"-7.796277, 110.368810",APBD,Optic,,,
39,XM000336,10.239.0.33,ZTEGC889AFED,Balai Kampung Kumendaman,Mantrijeron,Suryodiningratan,19,6,"-7.815516, 110.361450",APBD,Optic,,,
40,XM000402,192.168.252.19,D1130C45F0B5,Pos ronda RT 29 RW 8,Tegalrejo,Tegalrejo,29,8,"-7.791111, 110.349722",APBD,Wireless,,,
41,XM000387,192.168.252.20,B7B10C282E8F,Masjid Nur Muttaqien Sudagaran,Tegalrejo,Tegalrejo,,11,"-7.792884, 110.354852",APBD,Wireless,,,
42,LM000888,10.239.0.143,ZTEGC8362DB3,Balai RW (GOR Glagahsari) warungboto,Umbulharjo,Warungboto,6,2,"-7.804688, 110.388025",APBD,Optic,,,
43,XM000342,10.239.0.17,ZTEGC0BF8224,Balai RW 5,Umbulharjo,Warungboto,21,5,"-7.807325, 110.3886333",APBD,Optic,,,
44,LM000859,10.239.0.128,ZTEGC950704A,Gedung Islamic Center,Mergangsan,Wirogunan,,13,"-7.8077839, 110.3785886",APBD,Optic,,,
45,XM000350,10.239.0.21,ZTEGCC91E9AD,Balai RW 02 Bintaran,Mergangsan,Wirogunan,,2,"-7.8039194, 110.3721028",APBD,Optic,,,
46,LM000862,10.239.0.25,QXTLCBF58569,Pos Ronda RT 24,Mergangsan,Brontokusuman,,7,"-7.818771, 110.371116",APBD,Optic,,,
47,XM000341,10.239.3.242,ZTEGC889B575,Pos Ronda ,Mergangsan,Brontokusuman,,18,"-7.8171094, 110.3735393",APBD,Optic,,,
48,XM000363,10.239.0.139,ZTEGC958CA90,Balai Lempuyangan Bausasran,Danurejan,Bausasran,9,3,"-7.792049,110.375314",APBD,Optic,,,
49,XM000357,10.239.0.55,ZTEGC88B7ED7,Balai RT 35 RW 08 Bumijo,Jetis,Bumijo,,8,"-7.7840472, 110.3596806",APBD,Optic,,,
50,LM000863,10.239.1.176,QXTLCBD0AD9F,Balai rw 4 Bumijo,Jetis,Bumijo,14,4,"-7.782111, 110.359604",APBD,Optic,,,
51,XM000327,10.239.0.42,QXTLCBD27E1F,"Balai RT 52,53,54 Badran RW 12 ",Jetis,Bumijo,52,12,"-7.785407, 110.358016",APBD,Optic,,,
52,LM000864,10.239.0.140,QXTLCB8C2C61,Fasilitas Umum RW 4,Jetis,Cokrodiningratan,17,4,"-7.778792, 110.366050",APBD,Optic,,,
53,XM000376,10.239.0.76,QXTLCB365CC7,Balai RW 7,jetis,Gowongan,30,7,"-7.783818,110.370059",APBD,Optic,,,
54,XM000355,10.239.0.54,ZTEGC889B552,Masjid Al-Fajar,Tegalrejo,Karangwaru,,4,"-7.7713139, 110.3651",APBD,Optic,,,
55,XM000354,10.239.0.53,ZTEGCA559485,Balai Petinggen,Tegalrejo,Karangwaru,,9,"-7.7717833, 110.3680472",APBD,Optic,,,
56,XM000377,10.239.255.19,ZXICCC27C30B,BALAI RK  BLUNYAHREJO,Tegalrejo,Karangwaru,14,4,"-7.774306, 110.365528",APBD,Optic,,,
57,XM000324,10.239.0.14,ZTEGCB792D1F,Gedung serbaguna gereja baciro,Gondokusuman,Baciro,79,19,"-7.7919944, 110.3895583",APBD,Optic,,,
58,LM000890,10.239.2.65,ZXICCD7F0C53,Balai RW 24 wirogunan,Mergangsan,Wirogunan,74,24,"-7.813556, 110.376889",APBD,Optic,,,
59,LM000880,10.239.0.131,ZTEGCD7DC724,Balai Tri Manunggaling Warga RW 2 Pringgokusuman,Gedongtengen,Pringgokusuman,,2,"-7.788921, 110.357601",APBD,Optic,,,
60,XM000345,10.239.0.46,ZTEGCA50875C,Balai RW 8 Pajeksan,Gedongtengen,Sosromenduran,32,8,"-7.7927982, 110.364733",APBD,Optic,,,
61,JP000967,10.239.1.171,QXTLCA375F86,Balai RW.06,Kotagede,Purbayan,23,6,"-7.826392, 110.402945",APBD,Optic,,,
62,XM000339,10.239.0.45,ZTEGC8A69580,Balai RW 11,Wirobrajan,Pakuncen,49,11,"-7.799582, 110.354356",APBD,Optic,,,
63,XM000347,10.239.0.47,ZTEGC8707739,Balai RW 07,Wirobrajan,Wirobrajan,,7,"-7.8035394, 110.3533003",APBD,Optic,,,
64,XM000352,10.239.0.49,ZTEGC889A282,Balai RW 01,Wirobrajan,wirobrajan,,1,"-7.8021503, 110.3489306",APBD,Optic,,,
65,LM000889,10.239.0.134,ZTEGC9506473,Mushola Al-Amin,Wirobrajan,wirobrajan,30,6,"-7.803438,110.352623",APBD,Optic,,,
66,XM000367,10.239.0.38,ZTEGC1C7F354,Balai RW 14 Juminahan Tegalpanggung,Danurejan,Tegalpanggung,56,14,"-7.795812, 110.370481",APBD,Optic,,,
67,LM000886,10.239.0.37,ZTEGC0CDC9FB,Balai RW 15 Juminahan,Danurejan,Tegalpanggung,61,15,"-7.794946,110.371925",APBD,Optic,,,
68,XM000323,10.239.0.12,ZTEGC0CE8446,BALAI RW 3 n 4 GEMBKALAAN ATAS,Danurejan,Suryatmajan,,3 n 4,"-7.79223, 110.367709",APBD,Optic,,,
69,XM000330,10.239.0.15,ZTEGC8896CCF,Balai RW 01,Pakualaman,Purwokinanti,2,1,"-7.797574, 110.37",APBD,Optic,,,
70,LM000882,10.239.0.30,QXTLCBA6FAD8,Pos Kamling/Ronda RW 8 Purwokinanti,Pakualaman,Purwokinanti,39,8,"-7.798704, 110.374562",APBD,Optic,,,
71,LM000874,10.239.0.148,ZTEGC1CB42F8,Balai RW 10 mujamuju,Umbulharjo,Mujamuju,33,10,"-7.803161, 110.393563",APBD,Optic,,,
72,XM000334,10.239.0.60,ZTEGC889B58F,Posyandu RW 7,Umbulharjo,Mujamuju,23,7,"-7.799002, 110.393273",APBD,Optic,,,
73,XM000343,10.239.0.77,ZTEGC86806D6,Rumah Ketua RW 01 [Pos Paud Tiara Siwi],Kraton,Panembahan,1,1,"-7.813510, 110.363115",APBD,Optic,,,
74,LM000852,10.239.0.79,ZTEGC09C7132,Pos Ronda RW 06,Kraton,Patehan,,6,"-7.81299374, 110.35797856",APBD,Optic,,,
75,XM000344,10.239.0.78,ZTEGC88998AF,Balai RT 03 Sorosutan,Umbulharjo,Sorosutan,3,1,"-7.816645, 110.376338",APBD,Optic,,,
76,XM000389,10.239.0.137,QXTLCAD470D2,Balai RW 8 Sorosutan,Umbulharjo,Sorosutan,,8,"-7.819944, 110.380069",APBD,Optic,,,
77,XM000338,10.239.0.44,ZXICCD364E1E,Balai RW 3 Ngupasan,Gondomanan,Ngupasan,,3,"-7.797849,110.362593",APBD,Optic,,,
78,LM000858,10.239.0.24,QXTLCB6676B9,Balai RW 12 Kauman Ngupasan,Gondomanan,Ngupasan,,12,"7.803889,110.361417",APBD,Optic,,,
79,XM000361,10.239.0.51,ZTEGC8896CD6,Balai Magersari RW4,Gondokusuman,Kotabaru,16,4,-7.788883 110.371911,APBD,Optic,,,
80,LM000871,10.239.1.174,QXTLCB6D1BC3,Balai RW14 Klitren,Gondokusuman,Klitren,53,14,"-7.784503, 110.387091",APBD,Optic,,,
81,JP002030,"10.239.0.127
",ZTEGCA55643B,Gardu Pos Ronda RT 19 RW 06,Kotagede,Rejowinangun,19,6,"-7.808778, 110.398351",APBD,Optic,,,
82,XM000365,10.239.0.35,QXTLCB644320,Masjid Al-Ikhlas RT25 (Balai RW8),Kotagede,Rejowinangun,25,8,"-7.810469,110.395533",APBD,Optic,,,
83,XM000337,10.239.0.43,ZTEGC88B7EFA,Balai Kampung Pathuk,Ngampilan,Ngampilan,35,7,"-7.796787, 110.361399",APBD,Optic,,,
84,XM000359,10.239.0.50,ZTEGC8838A21,Balai RW,Ngampilan,Ngampilan,27,5,"-7.795800, 110.358717",APBD,Optic,,,
85,XM000395,10.239.0.129,QXTLCB81690D,Rumah Warga depan Pos Ronda RW 8,Wirobrajan,Patangpuluhan,39,8,"-7.8094039, 110.3511918",APBD,Optic,,,
86,XM000351,10.239.0.80,ZTEGC8896C6D,Balai Serbaguna RW 1 Tompeyan,Tegalrejo,Tegalrejo,,1,"-7.784303,110.354809",APBD,Optic,,,
87,XM000385,10.239.0.126,ZTEGC0CD5F85,Masjid An -  Nashir,Umbulharjo,Sorosutan,,15,"-7.8235, 110.384833",APBD,Optic,,,
88,XM000346,10.239.0.19,ZTEGC86ABDF9,Balai Muslimin,Umbulharjo,Warungboto,8,8,"-7.810827, 110.394043",APBD,Optic,,,
89,LM000873,10.239.0.101,ZXICCDE5B987,RTHP RW 10 Mantrijeron,Mantrijeron,Mantrijeron,,10,"-7.824666, 110.362960",APBD,Optic,,,
90,XM000333,10.239.0.56,QXTLCB6ED5DA,Balai RW 7 Suryowojayan,Mantrijeron,Gedongkiwo,3,7,"-7.812351, 110.355234",APBD,Optic,,,
91,LM000869,10.239.0.142,ZTEGC1DCECEB,Balai Pertemuan Bangirejo rw 10 karangwaru,Tegalrejo,Karangwaru,37,10,"-7.779312, 110.363948",APBD,Optic,,,
92,LM000872,10.239.0.26,ZTEGC950C860,Asrama KOMPI,Kotabaru,,12,2,"-7.7847744, 110.3772203",APBD,Optic,,,
93,JP002103 ,10.239.0.163,QXTLCB2C17B8,Pos Ronda RT 09,Gondokusuman,Baciro,9,3,"-7.795833, 110.380222",APBD,Optic,,,
94,LM001188,10.239.0.164,ZTEGC894DCDE,Masjid Mustaqiem Danukusuman,Gondokusuman,Baciro,15,4,"-7.794246, 110.379714",APBD,Optic,,,
95,XM000465,10.239.0.166,ZXICCDF062CE,Tempat belajar dan kumpul warga,Gondokusuman,Baciro,21,6,"-7.793335, 110.379373",APBD,Optic,,,
96,JP000011,10.239.0.173,ZXICCC2D5BF3,Rumah Pak Margono,Gondokusuman,Baciro,,16,"-7.790402, 110.388012",APBD,Optic,,,
97,JP000012,10.239.0.174,ZTEGCEA4AEAB,Rumah Pak Aris ,Gondokusuman,Baciro,70,17,"-7.789588, 110.389242",APBD,Optic,,,
98,LM000896,10.239.2.79,ZTEGCA5C4891,Balai RW 10 RT 34,Gondokusuman,Baciro,34,10,"-7.789864, 110.37969",APBD,Optic,,,
99,LM000893,10.239.0.161,ZTEGC0D46E5A,Pos Ronda RW 1,Gondokusuman,Baciro,,1,"-7.797608, 110.379941",APBD,Optic,,,
100,LM001710,10.239.0.162,DF2DA6B73FD5,Pos Ronda RW 2,Gondokusuman,Baciro,7,3,"-7.796536, 110.379298",APBD,Optic,,,
101,JP003256,10.239.1.170,QXTLCB718010,Pos Ronda RT 30,Gondokusuman,Baciro,30,8,"-7.792041, 110.381059",APBD,Optic,,,
102,JP000007,10.239.0.169,ZTEGCBDDAD72, Pos Ronda RT 43,Gondokusuman,Baciro,43,12,"-7.792915, 110.384444",APBD,Optic,,,
103,JP000009,10.239.0.171,ZTEGC956B6D0,Pos Ronda RW 14,Gondokusuman,Baciro,,14,"-7.792915, 110.384444",APBD,Optic,,,
104,JP000010,10.239.0.172,ZTEGC09C0AE7,Balai RT 60,Gondokusuman,Baciro,60,15,"-7.7896256, 110.3873507",APBD,Optic,,,
105,JP000014,10.239.0.186,ZTEGC8903816,Vihara Vimalakirti,Gondokusuman,Baciro,87,21,"-7.794623, 110.381072",APBD,Optic,,,
106,XM000406,10.239.0.40,RTEGC9A346EE,Balai Warga,Danurejan,Bausasran,,2,"-7.791564, 110.374718",APBD,Optic,,,
107,XM000409,10.239.0.65,ZTEGC0C8E5E2,Komplek Masjid Lempuyangan,Danurejan,Bausasran,,5,"-7.793149, 110.374935",APBD,Optic,,,
108,XM000412,10.239.0.66,ZTEGCC55CC1B,Balai Warga,Danurejan,Bausasran,28,8,"-7.793163, 110.377392",APBD,Optic,,,
109,XM000413,10.239.0.69,ZTEGC950548D,Pos Pertemuan Warga Masyarakat,Danurejan,Bausasran,,9,"-7.794883, 110.373955",APBD,Optic,,,
110,XM000415,10.239.0.70,ZTEGC09CDA7F,Balai Warga,Danurejan,Bausasran,,11,"-7.796028, 110.374135",APBD,Optic,,,
111,XM000414,10.239.0.71,ZTEGC950ECC8,Rumah belajar warga - Sudah menjadi kesepakatan warga,Danurejan,Bausasran,38,10,"-7.795992, 110.375398",APBD,Optic,,,
112,XM000407,10.239.0.98,ZTEGC950383D,Balai Karangtaruna,Danurejan,Bausasran,11,3,"-7.7922615, 110.374924",APBD,Optic,,,
113,LM000903,10.239.0.180,ZTEGCB4C89B0,Kantor RW9,Jetis,Cokrodiningratan,40,9,"-7.779991, 110.368733",APBD,Optic,,,
114,LM000904,10.239.0.183,ZTEGC0B4DFCB,Pos Ronda RT 26,Gondokusuman,Demangan,26,8,"-7.7885331, 110.3926266",APBD,Optic,,,
115,LM000905,10.239.0.188,ZTEGCCA75EF4,Masjid Hidayat,Mantrijeron,Gedongkiwo,1,1,"-7.808726, 110.353621",APBD,Optic,,,
116,XM000418,192.168.252.45,D1130C50FBAE,Balai RW 11,Mantrijeron,Gedongkiwo,,11,"-7.815965, 110.355446",APBD,Wireless,,,
117,LM000907,10.239.0.73,ZTEGCC55E628,Yayasan Putra Kauman,Pakualaman,Gunungketur,33,9,"-7.800828, 110.375250",APBD,Optic,,,
118,LM000906,10.239.255.15,ZTEGC87846AA,Omah Kreatif Loedji 16,Pakualaman,Gunungketur,24,6,"-7.800566, 110.377135",APBD,Optic,,,
119,XM000428,10.239.0.88,QXTLCBA47333,Balai Serbaguna Kadipaten,Kraton,Kadipaten,,6,"-7.805447, 110.358470",APBD,Optic,,,
120,LM000912,10.239.0.191,ZTEGCC54D462,Masjid Mulyo Utomo,Kraton,Kadipaten,28,8,"-7.8063184, 110.3598178",APBD,Optic,,,
121,LM000913,10.239.0.74,ZTEGCBD8F5CE,Balai Pracimosono,Kraton,Kadipaten,,11,"-7.8060965, 110.3635042",APBD,Optic,,,
122,LM000908,10.239.0.189,ZTEGCCA156D3,RUMAH IBU INTAN,Kraton,Kadipaten,5,2,"-7.809458, 110.356361",APBD,Optic,,,
123,LM000909,10.239.0.195,QXTLCBB96A09,Kantor PRM,Kraton,Kadipaten,,4,"-7.806746, 110.356402",APBD,Optic,,,
124,XM000427,10.239.0.84,QXTLCB2F5BFA,Pos Ronda Kadipaten,Kraton,Kadipaten,20,6,"-7.8047203, 110.3582444",APBD,Optic,,,
125,LM000911,10.239.0.190,ZTEGCA4700F7,Gardu Ronda RT 25,Kraton,Kadipaten,25,7,"-7.8073777, 110.3590343",APBD,Optic,,,
126,LM000914,10.239.0.196,QXTLCBA0876A,Gedung rw 13,Tegalrejo,Karangwaru,47,13,"-7.772757, 110.362177",APBD,Optic,,,
127,LM000917,10.239.0.157,ZTEGC09CC5AB,Balai RW 13 Kepuh,Gondokusuman,Klitren,,13,"-7.781257, 110.387231",APBD,Optic,,,
128,XM000438,10.239.0.198,ZTEGCBDDBAED,Posyandu Sidobali,Umbulharjo,Mujamuju,,8,"-7.799861, 110.397361",APBD,Optic,,,
129,JP001612,10.239.0.199,ZTEGC954CB1A,Kelompok Belajar,Umbulharjo,Mujamuju,4,2,"-7.798309, 110.388719",APBD,Optic,,,
130,LM001682,10.239.3.244,ZTEGC95A2708,Pendopo Balai Pertemuan Warga Ledok Timoho,Umbulharjo,Mujamuju,50,5,"-7.7924355, 110.3953688",APBD,Optic,,,
131,LM000922,10.239.0.105,ZTEGC85B381D,Balai Warga Kampung Kauman,Gondomanan,Ngupasan,36,10,"-7.801822, 110.361434",APBD,Optic,,,
132,LM000924,10.239.0.89,ZTEGCC8144BC,Pos Ronda RW8 RT28,Gondomanan,Ngupasan,29,8,"-7.800428, 110.370881",APBD,Optic,,,
133,XM000450,192.168.251.16,,Balai RW,Umbulharjo,Pandeyan,,4,"-7.812611, 110.387444",APBD,Wireless,,,
134,LM000928,10.239.0.203,ZTEGCC4079DC,Pendopo Kelurahan,Kraton,Panembahan,02,3,"-7.811689, 110.365301",APBD,Optic,,,
135,LM000933,10.239.0.205,ZTEGC8727D2B,Balai Aisyiyah RW 08,Kraton,Patehan,31,8,"-7.811146, 110.359678",APBD,Optic,,,
136,LM000936,10.239.0.94,ELWGC2D6FE5E,Pos Ronda RW 7,Gondomanan,Prawirodirjan,21,7,"-7.804833, 110.370472",APBD,Optic,,,
137,LM000939,10.239.0.97,ZTEGC86CE845,Sekretariat Kampung KB RW 12/Lapangan Teletubies,Gondomanan,Prawirodirjan,39,12,"-7.806785, 110.372215",APBD,Optic,,,
138,LM000937,10.239.0.95,ZTEGC0B4E6DC,Pos Ronda RW 08,Gondomanan,Prawirodirjan,24,8,"-7.804464, 110.371506",APBD,Optic,,,
139,LM000938,10.239.0.96,ZTEGCBD96478,RTHP Prawirodirjan,Gondomanan,Prawirodirjan,35,11,"-7.806685, 110.371513",APBD,Optic,,,
140,JP000019,10.239.0.182,ZTEGC95D980B,Pos Ronda RT 17/Pos Ronda RT 10/Pos Ronda RT 56,Kotagede,Prenggan,17,12,"-7.820344,110.399390",APBD,Optic,,,
141,JP000018,10.239.0.229,ZTEGCA58EC49,Balai serbaguna Masjid Al Kiraam ,Kotagede,Prenggan,5,1,"-7.814477, 110.392878",APBD,Optic,,,
142,JP000021,10.239.0.232,ZTEGC954AD06,Pos Ronda/Balai RW 07,Kotagede,Prenggan,,7,"-7.826046, 110.393263",APBD,Optic,,,
143,JP000023,10.239.0.234,ZTEGC9594C1A,Sanggar Belajar Teratai Biru,Kotagede,Prenggan,,6,"-7.824492, 110.398466",APBD,Optic,,,
144,JP000020,10.239.0.231,ZTEGC955B92B,Masjid Al Mustagfirin,Kotagede,Prenggan,,3,"-7.820163, 110.395748",APBD,Optic,,,
145,JP000022,10.239.0.233,ZTEGC95609D8,Balai RW 13/Musholla Radlatul Jannah,Kotagede,Prenggan,57,13,"-7.825302, 110.393618",APBD,Optic,,,
146,LM000944,10.239.3.251,ZTEGC837AE07,Balai RW 03,Gedongtengen,Pringgokusuman,,3,"-7.7921, 110.35639",APBD,Optic,,,
147,LM000947,10.239.0.211,QXTLCBF36199,Balai RW 05,Gedongtengen,Pringgokusuman,21,5,"-7.789767, 110.359953",APBD,Optic,,,
148,JP000024,10.239.0.235,ZXICCDE3D225,Musholla Al Hidayah,Kotagede,Purbayan,3,1," -7.820061, 110.402145  ",APBD,Optic,,,
149,JP000025,10.239.0.236,QXTLCBEB573D,Sanggar Sukowati,Kotagede,Purbayan,21,5,"-7.826897, 110.401796",APBD,Optic,,,
150,JP000026,10.239.0.237,ZTEGC956848A, Rumah wakaf RT 32,Kotagede,Purbayan,32,8,"-7.829051, 110.401735",APBD,Optic,,,
151,JP000028,10.239.0.239,ZTEGC95707DC,Mushola Nurul Salam,Kotagede,Purbayan,46,11,"-7.830915, 110.401002",APBD,Optic,,,
152,JP000029,10.239.0.240,ZTEGC952C0A0,Rumah Pak Agus,Kotagede,Purbayan,39,9,"-7.830556, 110.399167",APBD,Optic,,,
153,LM000949,10.239.0.109,ZTEGC0C8E949,Pos Ronda Kenthongan RW 5,Pakualaman,Purwokinanti,24,5,"-7.798752, 110.372267",APBD,Optic,,,
154,LM000952,10.239.0.112,ZTEGCC432CAD,Pos Ronda RT 32,Pakualaman,Purwokinanti,32,7,"-7.79746, 110.373662",APBD,Optic,,,
155,LM000953,10.239.0.113,ZTEGCA536D0E,Rumah Pak RT43,Pakualaman,Purwokinanti,43,9,"-7.798827, 110.373941",APBD,Optic,,,
156,LM000955,10.239.0.115,ZTEGCC91F680,Angkringan Matakupi di Jl. Purwanggan no 14,Pakualaman,Purwokinanti,38,8,"-7.798097, 110.373927",APBD,Optic,,,
157,LM000951,10.239.0.247,ZTEGC952DC26,Balai Pos Ronda RW 006,Pakualaman,Purwokinanti,,6,"-7.797333, 110.372528",APBD,Optic,,,
158,XM000467,10.239.0.116,ZTEGC0E221EB,Masjid Al-Fatah,Kotagede,Rejowinangun,,7,"-7.810352, 110.397720",APBD,Optic,,,
159,JP000008,10.239.0.243,ZTEGC8603131,Balai rw 9 rejowinangun,Kotagede,Rejowinangun,28,9,"-7.810749, 110.396779",APBD,Optic,,,
160,JP000005,10.239.0.245,ZTEGC95527DE,Pos Ronda,Kotagede,Rejowinangun,28,9,"-7.810769, 110.396775",APBD,Optic,,,
161,LM000956,10.239.0.246,ZTEGC9550CD1,MASJID 'AL MUHSININ,Kotagede,Rejowinangun,43,13,"-7.818218, 110.401423",APBD,Optic,,,
162,XM000474,10.239.0.253,ZTEGC8782425,masjid nurul jannah,Umbulharjo,Semaki,,5,"-7.801389, 110.386706",APBD,Optic,,,
163,XM000475,10.239.0.254,QXTLC73B0BA3,Pos Ronda RW 6,Umbulharjo,Semaki,,6,"-7.800479, 110.386221",APBD,Optic,,,
164,XM000476,10.239.1.16,ZTEGC950D00F,Balai RK,Umbulharjo,Semaki,,8,"-7.797812, 110.381705",APBD,Optic,,,
165,XM000472,10.239.1.18,ZTEGC88B2CA3,masjid Nurul Fajri,Umbulharjo,Semaki,7,2,"-7.795522, 110.386718",APBD,Optic,,,
166,JP001434,10.239.1.54,ZTEGCE52CE21,Mushola Al Fathon,Umbulharjo,Mujamuju,,10,"-7.803613, 110.393766",CSR,Optic,,,
167,LM000958,10.239.0.213,ZTEGC8882E5A,Balai RT 52 RW 14 Jogonegaran,Gedongtengen,Sosromenduran,52,14,"-7.794301,110.361602",APBD,Optic,,,
168,LM000961,10.239.0.118,ZTEGC9502A8A,BALAI RW 09 GEMBLAKAN BAWAH,Danurejan,Suryatmajan,26,9,"-7.794135, 110.369487",APBD,Optic,,,
169,LM000962,10.239.0.119,ZTEGCBDB3531,BALAI RW 13 COKRODIRJAN,Danurejan,Suryatmajan,39,13,"-7.794736, 110.369869",APBD,Optic,,,
170,LM000959,10.239.0.255,ZTEGC95CA7A6,RUANG PUBLIK /TBM/JBM RW 07 GEMBLAKAN BAWAH,Danurejan,Suryatmajan,20,7,"-7.793444,110.368291",APBD,Optic,,,
171,JP002112,10.239.1.64,QXTLCB04EB77,Pos Ronda RT 74,Gondokusuman,Baciro,74,18,"-7.791005, 110.391213",CSR,Optic,,,
172,LM000969,10.239.0.122,ZTEGC864FFBB,Mushola Al Hikmah rw7,Danurejan,Tegalpanggung,35,7,"-7.790726, 110.371491",APBD,Optic,,,
173,XM000488,10.239.0.175,ZTEGC8703099,Pos pertemuan dan kamling RW 16,Danurejan,Tegalpanggung,64,16,"-7.796294, 110.371652",APBD,Optic,,,
174,LM000967,10.239.1.12,ZTEGCC9FAEC9,Pos Ronda RT 41,Danurejan,Tegalpanggung,41,9,"-7.791129, 110.372913",APBD,Optic,,,
175,XM000340,10.239.1.17,ZTEGC82572B1,Rumah Warga RT 32,Danurejan,Tegalpanggung,32,6,"-7.790570, 110.369995",APBD,Optic,,,
176,XM000489,192.168.252.79,,Rumah Warga (undi tanimbar),Tegalrejo,Tegalrejo,19,6,"-7.787465, 110.352223",APBD,Wireless,,,
177,LM000972,10.239.0.215,RTEGC9A49F83,Pondok Literasi,Wirobrajan,Wirobrajan,,5,"-7.801500, 110.350374",APBD,Optic,,,
178,LM000975,10.239.1.21,ZTEGCC9D2780,RTHP Mandiri Joyonegaran,Mergangsan,Wirogunan,40,12,"-7.8068758, 110.3791294",APBD,Optic,,,
179,LM000930,10.239.1.191,ZTEGC8A6A9DE,Pos Ronda RW 15,Kraton,Panembahan,57,15,"-7.805595, 110.364812",APBD,Optic,,,
180,LM000931,10.239.0.108,ZTEGCC9D6165,Masjid Condrokiranan,Kraton,Panembahan,63,16,"-7.804389, 110.365894",APBD,Optic,,,
181,XM000417,10.239.0.87,ZTEGC0CDBBDE,Pos Ronda RT 16 RW 04,Tegalrejo,Bener,16,4," -7.7765, 110.357113",APBD,Optic,,,
182,LM000898,10.239.255.18,ZTEGC8A547C9,Gedung serbaguna,Tegalrejo,Bener,7,2,"-7.776112, 110.352420 ",APBD,Optic,,,
183,LM000899,10.239.0.135,ZTEGC85DFBF2,BALAI SERBAGUNA RW07,Tegalrejo,Bener,24,7,"-7.777623, 110.353040 ",APBD,Optic,,,
184,XM000408,10.239.0.64,ZTEGC950EA55,Pos Ronda RT 14,Danurejan,Bausasran,14,4,"-7.793268, 110.376160",APBD,Optic,,,
185,XM000410,10.239.0.67,ZTEGC0CE7C17,Balai Macanan,Danurejan,Bausasran,,6,"-7.794443, 110.375938",APBD,Optic,,,
186,XM000411,10.239.0.68,QXTLCB47B962,Masjid Al Ma'ruf,Danurejan,Bausasran,,7,"-7.794433, 110.377233",APBD,Optic,,,
187,XM000416,10.239.0.72,ZTEGC9506234,Tempat pertemuan warga,Danurejan,Bausasran,,12,"-7.796687, 110.376908",APBD,Optic,,,
188,XM000405,10.239.0.39,ZTEGC0CD82CB,Balai Sumeh RT 2/RW 1,Danurejan,Bausasran,2,1,"-7.790750, 110.376139",APBD,Optic,,,
189,LM000900,10.239.0.187,QXTLCB904F4B,Balai RT 56 RW 12,Jetis,Bumijo,56,12,"-7.787182, 110.358413",APBD,Optic,,,
190,LM000901,10.239.0.178,ZTEGC848E7BA,Pos Ronda RT13 RW3,Jetis,Cokrodiningratan,13,3,"-7.780180,110.364989",APBD,Optic,,,
191,LM000902,10.239.0.179,ZTEGCC47867F,Kantor RW 07 lama,Jetis,Cokrodiningratan,32,7,"-7.778250,110.370252",APBD,Optic,,,
192,LM000925,10.239.0.90,ZTEGCCA1390E,Ruang Publik RW 04,Gondomanan,Ngupasan,16,4,"-7.796829,110.366362",APBD,Optic,,,
193,LM000915,10.239.2.68,ZXICCDFC19F6,Gedung serbaguna karangwaru lor,Tegalrejo,Karangwaru,8,3,"-7.771238, 110.361553",APBD,Optic,,,
194,JP000004,10.239.0.165,QXTLCB38E8A7,Fasum RW 05 Danukusuman,Gondokusuman,Baciro,,5,"-7.792297, 110.378739",APBD,Optic,,,
195,JP003250,10.239.0.168,ZTEGCB71E891,Mushola Aisyiyah,Gondokusuman,Baciro,41,11,"-7.791659, 110.384466",APBD,Optic,,,
196,XM000463,10.239.0.170,ZTEGC8633C71,Pos Ronda RT 50,Gondokusuman,Baciro,50,13,"-7.792379, 110.386450",APBD,Optic,,,
197,LM000976,10.239.1.86,ZTEGCC4A76FE,Pos Kamling RW 17,Mergangsan,Wirogunan,,17,"-7.808621, 110.37873",APBD,Optic,,,
198,LM000973,10.239.1.169,ZTEGC95A71A2,Balai Warga Bintaran,Mergangsan,Wirogunan,11,3,"-7.803723, 110.374243",APBD,Optic,,,
199,XM004476,10.239.2.54,ZTEGC09CB306,Balai Kampung Tegalkemuning,Danurejan,Tegalpanggung,44,10,"-7.792639,110.372057",APBD,Optic,,,
200,LM000943,10.239.0.212,QXTLCBD01FC6,Balai RW Notoyudan,Gedongtengen,Pringgokusuman,83,23,"-7.788982, 110.358428",APBD,Optic,,,
201,LM000946,10.239.0.210,ZTEGC8703A16,Masjid Al Hasanah Pringgokusuman,Gedongtengen,Pringgokusuman,16,4,"-7.794651, 110.357529",APBD,Optic,,,
202,LM000945,10.239.0.209,ZTEGCA59C352,Balai RW 04,Gedongtengen,Pringgokusuman,17,4,"-7.7909, 110.357822",APBD,Optic,,,
203,LM000942,10.239.0.207,QXTLCB1766F9,Balai RW 1,Gedongtengen,Pringgokusuman,3,1,"-7.790300, 110.358355",APBD,Optic,,,
204,XM000481,10.239.1.22,ZTEGC8884CC0,BALAI RW 03,Gedongtengen,Sosromenduran,,3,"-7.790667, 110.362743",APBD,Optic,,,
205,JP001315,10.239.0.241,ZTEGC84B66B5,Balai RW 12,Kotagede,Purbayan,51,12,"-7.828699,110.404265",APBD,Optic,,,
206,JP000027,10.239.0.238,ZTEGC95D4D41,Mushola Baitul Ghofar,Kotagede,Purbayan,43,10,"-7.831576, 110.399996",APBD,Optic,,,
207,JP003670,10.239.1.20,QXTLCBE2F06D,RTHP Bumen,Kotagede,Purbayan,26,6,"-7.826715,110.403685",APBD,Optic,,,
208,XM000447,10.239.0.85,ZTEGC8517216,Balai RK 09,Wirobrajan,Pakuncen,41,9,"-7.798056, 110.353472",APBD,Optic,,,
209,XM000448,10.239.0.86,QXTLCBF0B836,Bangunan di lapangan,Wirobrajan,Pakuncen,51,11,"-7.800417, 110.354500",APBD,Optic,,,
210,XM003743,10.239.0.121,ZTEGCBDBF57B,Musholla Al Mukhayat,Danurejan,Tegalpanggung,23,5,"-7.792148,110.371163",APBD,Optic,,,
211,XM003740,10.239.1.11,ZTEGC88EF7F1,Basecamp Paud RW 12,Danurejan,Tegalpanggung,50,12,"-7.794440,110.371470",APBD,Optic,,,
212,LM000960,10.239.0.117,ZTEGC8A20084,Pos Ronda RW 08 Gemblakan bawah,Danurejan,Suryatmajan,22,8,"-7.794043, 110.368302",APBD,Optic,,,
213,LM000963,10.239.0.120,ZTEGC896D43A,Balai RW Sosrokusuman,Danurejan,Suryatmajan,13,5,"-7.793808, 110.366607",APBD,Optic,,,
214,LM000950,10.239.0.111,ZTEGC0CE9F09,Samping Rumah Pak RW 6,Pakualaman,Purwokinanti,30,6,"-7.797336, 110.372244",APBD,Optic,,,
215,LM000954,10.239.0.114,ZTEGC8A40069,Balai RW,Pakualaman,Purwokinanti,,10,"-7.798113, 110.376209",APBD,Optic,,,
216,LM000948,10.239.0.110,ZTEGC8048B93,Gedung Serbaguna RW 04,Pakualaman,Purwokinanti,20,4,"-7.798858, 110.371431",APBD,Optic,,,
217,JP000015,10.239.0.200,ZTEGC0CE7D62,Balai Warga(Posyandu),Umbulharjo,Mujamuju,,3,"-7.799329, 110.389088",APBD,Optic,,,
218,JP000016,10.239.0.201,QXTLCB43BC67,Posyandu RW 7,Umbulharjo,Mujamuju,23,7,"-7.799002, 110.393273",APBD,Optic,,,
219,LM000932,10.239.0.204,ZTEGC8778462,Rumah Bu murati Faridah/pop,Kraton,Patehan,,5,"-7.813316, 110.360607",APBD,Optic,,,
220,LM000934,10.239.0.206,ZTEGC89717C0,Balai RW 10,Kraton,Patehan,43,10,"-7.808587, 110.35878",APBD,Optic,,,
221,XM000468,10.239.0.248,ZTEGC86B0177,Masjid NurusSalam,Umbulharjo,Semaki,,1,"-7.794444, 110.384722",APBD,Optic,,,
222,XM000469,10.239.0.249,ZTEGC950EC14,Pos RW 03 Sanggrahan Semaki,Umbulharjo,Semaki,,3,"-7.7940931, 110.3874120",APBD,Optic,,,
223,XM000470,10.239.0.250,ZXICCD5B9A1E,TPA Masjid Noor Islam,Umbulharjo,Semaki,,9,"-7.7971219, 110.3815373",APBD,Optic,,,
224,XM000471,10.239.0.251,ZTEGC0CE9F00,Balai Warga,Umbulharjo,Semaki,32,10,"-7.796490, 110.381272",APBD,Optic,,,
225,XM000473,10.239.0.252,ZTEGC09CD517,Balai RW,Umbulharjo,Semaki,,4,"-7.799067,110.386044",APBD,Optic,,,
226,LM000926,10.239.0.91,ZTEGC09C34C4,RTHP RT 25 RW 7 Ratmakan,Gondomanan,Ngupasan,25,7,"-7.799485,110.370287",APBD,Optic,,,
227,LM000923,10.239.0.106,RTEGC9A4C5BD,Rumah Pak RW ,Gondomanan,Ngupasan,27,8,"-7.801304,110.370771",APBD,Optic,,,
228,JP000013,10.239.0.184,QXTLCA009173,Pos Ronda RT 72,Gondokusuman,Baciro,72,18,"-7.790387, 110.390378",APBD,Optic,,,
229,LM000897,10.239.0.185,QXTLCB5AC86F,Masjid Al Munawaroh,Gondokusuman,Baciro,80,19,"-7.791275, 110.392910",APBD,Optic,,,
230,LM000919,10.239.0.104,ZTEGCC505B10,Gedung BKB,Gondomanan,Kotabaru,12,3,"-7.787878, 110.376280",APBD,Optic,,,
231,LM000918,10.239.1.1,QXTLCB532524,Masjid Kalimosodo,Gondokusuman,Kotabaru,,1,"-7.783854, 110.371101",APBD,Optic,,,
232,XM000430,10.239.0.156,ZTEGCA3A62D7,Balai RW 16,Gondokusuman,Klitren,,16,"-7.783760, 110.383800",APBD,Optic,,,
233,LM000935,10.239.0.93,ELWGC311AF12,Pos Ronda RT 13 RW 5 Sayidan,Gondomanan,Prawirodirjan,13,5,"-7.801948, 110.370893",APBD,Optic,,,
234,XM000458,10.239.0.92,QXTLCADF4109,Pos Ronda RW 4,Gondomanan,Prawirodirjan,12,4,"-7.802459,110.370197",APBD,Optic,,,
235,JP001606,10.239.0.242,ZTEGC88EBBCC,Balai RW,Kotagede,Rejowinangun,,10,"-7.814278, 110.397139",APBD,Optic,,,
236,JP002037,10.239.0.244,ZTEGCCB8F465,Pos Siskampling RT 12,Kotagede,Rejowinangun,12,4,"-7.8057241, 110.4001156",APBD,Optic,,,
237,LM000927,10.239.0.202,ZTEGCC5243FB,Balai RW 02,Ngampilan,Notoprajan,142,2,"-7.803667, 110.355758",APBD,Optic,,,
238,LM000916,10.239.0.197,ZTEGC8903BA8,Wilayah Taman RT 7,Mergangsan,Keparakan,7,2,"-7.809567, 110.371725",APBD,Optic,,,
239,LM000965,10.239.0.214,ZTEGCC481362,"Masjid Pangeran Puger
",Mantrijeron,Suryodiningratan,2,1,"-7.8132836, 110.3567547",APBD,Optic,,,
240,LM000929,10.239.3.86,ZTEGC95E42D3,Pos Kamling,Kraton,Panembahan,19,6,"-7.810636, 110.368531",APBD,Optic,,,
241,LM000866,10.239.3.11,ZTEGC0DD6637,Balai rw 7 Demangan,Gondokusuman,Demangan,24,7,"-7.785235, 110.391952",APBD,Optic,,,
242,LM000921,10.239.0.192,QXTLCB529D39,Pos Ronda RT 24 RW 04 Patuk,Ngampilan,Ngampilan,24,4,"-7.797214, 110.356920",APBD,Optic,,,
243,JP002748,10.239.0.99,QXTLCB11E4E4,RTHP REJOWINANGUN RW05,Rejowinangun,Rejowinangun,,5,"-7.808556, 110.400939",CSR,Optic,,,
244,XM000380,10.239.0.23,ZTEGC89068AD,Balai RW 15,Gondomanan,Prawirodirjan,50,15,"-7.804621, 110.373104",APBD,Optic,,,
245,LM001191,10.239.1.88,ZTEGC95DE307,Pendopo Kaneman,Kraton,Kadipaten,9,3,"-7.8082333, 110.3570344",CSR,Optic,,,
246,JP000773,10.239.1.40,QXTLCB7064BB,Bank Sampah Sumirat,Kotagede,Purbayan,8,3,"-7.822500, 110.401944",CSR,Optic,,,
247,XM000373,192.168.251.10,B8570BBEFC25,balai rw 8,umbulharjo,tahunan,,8,"-7.8091972, 110.3838389 ",APBD,Wireless,,,
248,XM002468,10.239.2.58,ELWGC256C95D,Balai RW 06 Terban,Gondokusuman,Terban,29,6,"-7.782392, 110.372022",CSR,Optic,,,
249,XM000381,192.168.251.19,B7B10CE14262,Masjid nurul iman lantai 2,Kotagede,Prenggan,2,1,"-7.814972, 110.393833",APBD,Wireless,,,
250,XM000398,192.168.251.22,B8710CA286DF,Balai RW 4 Purbayan,Kotagede,Purbayan,,4,"-7.824385, 110.402603",APBD,Wireless,,,
251,XM000400,192.168.251.24,B8710CB08A3A,Musholla Adz-Dzikro Nalen rw 15 sorosutan,Umbulharjo,Sorosutan,,15,"-7.82433, 110.382767",APBD,Wireless,,,
252,XM000396,192.168.251.26,B8710C1E9EF0,pendopo kajengan rw 10 prenggan,Kotagede,Prenggan,9,10,"-7.826609, 110.398127",APBD,Wireless,,,
253,LM000870,192.168.251.28,B8710CCC4377,Balai RW 10 keparakan,Mergangsan,Keparakan,,10,"-7.811444, 110.373000",APBD,Wireless,,,
254,XM000390,192.168.251.30,B8570CD1240B,Taman Paleredan Kali Gajah Wong,Umbulharjo,Giwangan,22,8,"-7.831091 , 110.394026",APBD,Wireless,,,
255,XM000375,192.168.251.8,B8570BBD0BB9,Bale RW.13 Malangan,Umbulharjo,Giwangan,38,13,"-7.835699, 110.388691",APBD,Wireless,,,
256,XM001909,10.239.1.139,ZTEGCA1AA251,Gedung baru depan Masjid Al Amna,Danurejan,Bausasran,35,9,"-7.794350, 110.375432",CSR,Optic,,,
257,JP001894,10.239.1.59,ZTEGC09C6FC0,Masjid Al Badar,Umbulharjo,Mujamuju,41,11,"-7.803306, 110.392594",CSR,Optic,,,
258,XM000382,192.168.252.24,B7B10C5118A2,Balai RW 11,Jetis,Cokrodiningratan,,11,"-7.782545, 110.370277",APBD,Wireless,,,
259,XM000388,192.168.252.27,A8A60A155A47,Masjid P. Diponegoro Tegalrejo,Tegalrejo,Tegalrejo,,5,"-7.787486, 110.351123",APBD,Wireless,,,
260,XM000386,192.168.252.28,A8A60A1C5A04,Balai RK Tegalrejo,Tegalrejo,Tegalrejo,24,6,"-7.788625, 110.350692",APBD,Wireless,,,
261,XM000383,192.168.252.31,B7B10AA54922,halaman masjid nurul mubin rw 8,Mantrijeron,Gedongkiwo,,8,"-7.813022, 110.352598",APBD,Wireless,,,
262,JP002309,10.239.1.69,ZTEGC9504B60,Balai RW 5,Kotagede,Purbayan,,5,"-7.8249882, 110.4010632",CSR,Optic,,,
263,JP003252,10.239.1.70,ZTEGC950803D,Gedung Dakwah AAS,Kotagede,Purbayan,36,9,"-7.830121,110.400083",CSR,Optic,,,
264,XM000391,192.168.252.77,B8710CB1FDC1,Pos ronda RT 74 RWÂ 16,Mantrijeron,Gedongkiwo,,16,"-7.820259, 110.354386",APBD,Wireless,,,
265,XM000419,192.168.252.4,B7B10B8289DF,Tempat belajar warga,Mantrijeron,Gedongkiwo,7,15,"-7.819278, 110.353056",APBD,Wireless,,,
266,XM000420,192.168.252.6,B8710B0D64C2,Pos Ronda RW 17 ,Mantrijeron,Gedongkiwo,79,17,"-7.821780, 110.351924",APBD,Wireless,,,
267,XM000421,192.168.251.14,D1130D1D3F69,Pos Ronda RW 1,Umbulharjo,Giwangan,,1,"-7.823556, 110.388361",APBD,Wireless,,,
268,XM000423,192.168.251.3,B7B10BD94365,Balai RW,Umbulharjo,Giwangan,,12,"-7.832444, 110.386500",APBD,Wireless,,,
269,XM000424,192.168.251.31,D1130CBD996F,Area sekitar Masjid Al-Azhar,Umbulharjo,Giwangan,11,4,"-7.825302, 110.388658",APBD,Wireless,,,
270,XM000425,192.168.251.23,,Panggung Dermaga Cinta Kali Gajah Wong,Umbulharjo,Giwangan,18,6,"-7.830345, 110.393618",APBD,Wireless,,,
271,XM000431,192.168.252.18,B8710BECF1B6,Masjid Annur Jatimulyo,Tegalrejo,Kricak,24,5,"-7.774519, 110.358721",APBD,Wireless,,,
272,XM000432,192.168.252.74,,Pos Ronda Kricak Kidul RW 8,Tegalrejo,Kricak,38,8,"-7.778222, 110.360111",APBD,Wireless,,,
273,XM000433,192.168.252.17,B8710B07EE4A,Pos relawan budaya,Tegalrejo,Kricak,60,1,"-7.773611, 110.353610",APBD,Wireless,,,
274,XM000434,192.168.252.48,D1130C03EADC,RTHP Taman Flamboyan,Tegalrejo,Kricak,9,2,"-7.77447, 110.354961",APBD,Wireless,,,
275,JP000964,10.239.1.42,ZTEGC9542580,Balai RW 13 Purbayan,Kotagede,Purbayan,,13,"-7.829656, 110.403918",CSR,Optic,,,
276,XM000674,10.239.0.151,QXTLCB89EE6D,Balai RW 09 Jogoyudan,Jetis,Gowongan,,9,"-7.7846619, 110.367605",CSR,Optic,,,
277,XM000440,192.168.252.50,D1130CA45CAE,Masjid Baitul Rahman,Ngampilan,Ngampilan,29,6,"-7.797429, 110.359805",APBD,Wireless,,,
278,XM000441,192.168.252.26,B7B10C280E03,Rumah Warga,Ngampilan,Ngampilan,41,8,"-7.798139, 110.357917",APBD,Wireless,,,
279,XM000449,192.168.252.68,,Balai RW,Wirobrajan,Pakuncen,16,4,"-7.796545, 110.352271",APBD,Wireless,,,
280,XM000451,192.168.251.43,,Pos Ronda 31,Umbulharjo,Pandeyan,31,8,"-7.818056, 110.393279",APBD,Wireless,,,
281,XM000452,192.168.251.42,,Balai Kreasi,Umbulharjo,Pandeyan,23,6,"-7.818083, 110.385306",APBD,Wireless,,,
282,XM000456,192.168.252.11,,Tempat Kumpul Warga (Warung BU KIS),Mantrijeron,Patangpuluhan,16,2,"-7.8099788, 110.3540678",APBD,Wireless,,,
283,XM000457,192.168.252.25,,Pos Ronda RT 12,Kraton,Patehan,12,3,"-7.810333, 110.361472",APBD,Wireless,,,
284,LM002005,10.239.1.175,QXTLCB8069A1,Masjid At Tauhid,Jetis,Gowongan,15,3,"-7.784558, 110.365873",CSR,Optic,,,
285,LM001202,10.239.1.90,ZTEGC95BC4D5,Masjid Sokotunggal RW 08,Kraton,Patehan,31,8,"-7.810226, 110.36058",CSR,Optic,,,
286,JP001492,10.239.1.55,ZXICCD5FC5DB,Balai RT 52,Umbulharjo,Mujamuju,52,5,"-7.796158, 110.396124",CSR,Optic,,,
287,XM000479,192.168.251.55,,Balai Warga RW 07 Kampung Dagaran,Umbulharjo,Sorosutan,25,7,"-7.822135, 110.380991",APBD,Wireless,,,
288,XM000482,192.168.252.56,,Rumah Ketua RW 04,Mantrijeron,Suryodiningratan,11,4,"-7.816943, 110.356567",APBD,Wireless,,,
289,LM001290,10.239.2.75,ZTEGC95EAE95,Ruang Publik ,Ngampilan,Ngampilan,12,2,"-7.8002041, 110.3552031",CSR,Optic,,,
290,XM000484,192.168.252.58,,Pos Kamling RW 09,Mantrijeron,Suryodiningratan,70,9,"-7.81984, 110.356658",APBD,Wireless,,,
291,XM000486,192.168.252.59,,Balai RW 12,Mantrijeron,Suryodiningratan,41,12,"-7.818599, 110.360346",APBD,Wireless,,,
292,XM000487,192.168.252.65,,Balai RW 13,Mantrijeron,Suryodiningratan,45,13,"-7.820538, 110.360722",APBD,Wireless,,,
293,XM000490,192.168.252.64,,Pos Ronda RW 09 Demakan,Tegalrejo,Tegalrejo,33,9,"-7.79172567, 110.3525709",APBD,Wireless,,,
294,LM001198,10.239.1.123,ZXICCD243ED5,Serambi Masjid Al Ikhlash,Mergangsan,Wirogunan,,15,"-7.8089664, 110.3767040",CSR,Optic,,,
295,XM000494,192.168.252.66,,Tempat Kumpul Warga,Mergangsan,Wirogunan,52,16,"-7.809037621, 110.3757294",APBD,Wireless,,,
296,JP000960,10.239.3.246,ZTEGC959E1AB,Pos Ronda RT 01,Umbulharjo,Mujamuju,1,1,"-7.793685, 110.389429",CSR,Optic,,,
297,XM000442,192.168.252.72,6EA906D3D86E,Masjid Al-Ishlah,Ngampilan,Ngampilan,68,13,"-7.799583, 110.359939",APBD,Wireless,,,
298,XM001239,10.239.1.133,ZTEGC9506ECC,Musholla Al Manar RT 46,Gondokusuman,Baciro,46,12,"-7.793988, 110.385533",CSR,Optic,,,
299,XM000444,192.168.252.51,B8570B6FF193,Depan Masjid Nurul Huda (rumah ketua RT 43),Ngampilan,Ngampilan,45,9,"-7.799122, 110.357538",APBD,Wireless,,,
300,XM000445,192.168.252.52,D9700D070D8A,Lapangan Lansia Ngadiwinatan,Ngampilan,Ngampilan,52,11,"-7.797938, 110.359829",APBD,Wireless,,,
301,XM000453,192.168.252.54,,Balai Catur Warga rw 12 ,Kraton,Panembahan,45,12,"-7.8080304, 110.3668198",APBD,Wireless,,,
302,LM001199,10.239.1.124,RTEGC6993195,RTHP RT 45 RW 14,Mergangsan,Wirogunan,45,14,"-7.807232, 110.376592",CSR,Optic,,,
303,XM000446,192.168.252.8,,Rumah Warga Ketua RT 19,Wirobrajan,Pakuncen,19,4,"-7.796042, 110.351628",APBD,Wireless,,,
304,LM000887,10.239.1.147,ZTEGC754BE12,Balai IPMK RW 2 Terban,Gondokusuman,Terban,,2,-7.779486 110.374928,APBD,Optic,,,
305,XM000485,192.168.252.62,,Balai RW 15,Mantrijeron,Suryodiningratan,55,15,"-7.823075999, 110.359227",APBD,Wireless,,,
306,XM000393,192.168.252.34,B8710C87E8EE,Balai rw 03 Ngadimulyo Pakuncen,Wirobrajan,Pakuncen,,3,"-7.795430, 110.353824",APBD,Wireless,,,
307,JP000969,10.239.1.56,ZXICCD263C7A,Mushola Nurul Khoirot,Kotagede,Rejowinangun,,4,"-7.806223, 110.400584",CSR,Optic,,,
308,XM000325,10.239.0.31,ZTEGC877B929,Pos Ronda Bumijo RT 36 RW 08,Jetis,Bumijo,36,8,"-7.784571060118789, 110.35982497810913",APBD,Optic,,,
309,JP002288,10.239.2.73,ZTEGCA34683E,Fasum Taman Pinggir Kali RW 5,Gondokusuman,Baciro,,5,"-7.792240, 110.379655",CSR,Optic,,,
310,LM001195,10.239.1.89,ZTEGC09CF0F8,Taman RW 09,Kraton,Patehan,36,9,"-7.809201, 110.359399",CSR,Optic,,,
311,XM005541,10.239.1.91,ZTEGC955DADB,Masjid Nur Huda,Ngampilan,Notoprajan,5,1,"-7.801963, 110.354428",CSR,Optic,,,
312,JP002293,10.239.1.66,ZTEGC9505021,Lapangan RT 58 ,Gondokusuman,Baciro,58,15,"-7.790513, 110.387596",CSR,Optic,,,
313,LM003954,10.239.1.172,ZTEGCBDCDA9C,CSR - Balai RK Matrijeron RW 10 ,Mantrijeron,Mantrijeron,,10,"-7.824459, 110.364330",CSR,Optic,,,
314,JP003057,10.239.1.79,ZTEGC957E8D1,Pos Kampling RT 80,Gondokusuman,Baciro,80,19," -7.790382, 110.392192",CSR,Optic,,,
315,XM001290,10.239.1.135,ZTEGC9508838,Masjid RK Sudagaran RT28,Tegalrejo,Tegalrejo,28,7,"-7.791558, 110.350295",CSR,Optic,,,
316,XM000454,192.168.252.108,,Balai RW 18 / RT 77 Panembahan,Kraton,Panembahan,77,18,"-7.804783, 110.368505",APBD,Wireless,,,
317,JP001750,10.239.1.60,ZTEGCC4B9EEB,Balai RW,Gondokusuman,Demangan,26,8,"-7.787851, 110.39336",CSR,Optic,,,
318,XM000422,192.168.251.2,,Balai RW,Umbulharjo,Giwangan,,7,"-7.830389, 110.391389",APBD,Wireless,,,
319,LM001208,10.239.1.92,ZTEGC95346A2,Balai RW 04,Ngampilan,Notoprajan,27,4,"-7.808239, 110.353943",CSR,Optic,,,
320,LM001297,10.239.0.177,ZTEGC9500730,Langgar Adz Dzikirin,Gondomanan,Ngupasan,49,13,"-7.802908, 110.361193",CSR,Optic,,,
321,JP002294,10.239.1.67,ZTEGC9506325,POS Ronda RT 81,Gondokusuman,Baciro,81,19,"-7.791125, 110.393137 ",CSR,Optic,,,